{
    "metrics": {
        "http_req_waiting": {
            "p(99)": 339.82543400000003,
            "avg": 276.37367083333334,
            "min": 249.7851,
            "med": 271.44550000000004,
            "max": 342.3354,
            "p(90)": 308.3419300000001,
            "p(95)": 329.49222000000003
        },
        "http_req_connecting": {
            "p(95)": 275.12201,
            "p(99)": 342.79634100000015,
            "avg": 46.15973166666667,
            "min": 0,
            "med": 0,
            "max": 356.1271,
            "p(90)": 264.57489000000004
        },
        "http_req_blocked": {
            "min": 0,
            "med": 0,
            "max": 578.2671,
            "p(90)": 321.55164000000065,
            "p(95)": 541.838435,
            "p(99)": 565.824926,
            "avg": 72.19425416666668
        },
        "vus": {
            "value": 10,
            "min": 10,
            "max": 10
        },
        "iteration_duration": {
            "p(90)": 2400.8702700000003,
            "p(95)": 2448.5416,
            "p(99)": 2534.317397,
            "avg": 1710.4409916666673,
            "min": 1520.4205,
            "med": 1559.29995,
            "max": 2590.7637
        },
        "http_reqs": {
            "rate": 11.373847299673777,
            "count": 120
        },
        "iterations": {
            "count": 60,
            "rate": 5.6869236498368885
        },
        "http_req_duration": {
            "med": 272.7191,
            "max": 512.1106,
            "p(90)": 320.39902,
            "p(95)": 333.21783999999997,
            "p(99)": 343.10048300000005,
            "avg": 278.73452333333336,
            "min": 249.7851
        },
        "http_req_tls_handshaking": {
            "avg": 23.251369166666663,
            "min": 0,
            "med": 0,
            "max": 290.1345,
            "p(90)": 0,
            "p(95)": 279.02448499999997,
            "p(99)": 285.86663699999997
        },
        "http_req_sending": {
            "p(95)": 0.33043499999999965,
            "p(99)": 0.5435,
            "avg": 0.039285833333333325,
            "min": 0,
            "med": 0,
            "max": 1.1098,
            "p(90)": 0.005500000000000469
        },
        "http_req_duration{expected_response:true}": {
            "min": 249.7851,
            "med": 272.7191,
            "max": 512.1106,
            "p(90)": 320.39902,
            "p(95)": 333.21783999999997,
            "p(99)": 343.10048300000005,
            "avg": 278.73452333333336
        },
        "http_req_failed": {
            "passes": 0,
            "fails": 120,
            "value": 0
        },
        "vus_max": {
            "min": 10,
            "max": 10,
            "value": 10
        },
        "http_req_receiving": {
            "avg": 2.3215666666666666,
            "min": 0,
            "med": 0,
            "max": 254.7511,
            "p(90)": 0.98399,
            "p(95)": 1.0019749999999998,
            "p(99)": 5.549609000000011
        },
        "data_received": {
            "count": 765388,
            "rate": 72545.05197502261
        },
        "data_sent": {
            "count": 15560,
            "rate": 1474.8088665243665
        }
    },
    "root_group": {
        "name": "",
        "path": "",
        "id": "d41d8cd98f00b204e9800998ecf8427e",
        "groups": {},
        "checks": {}
    }
}